{
	"IcoMoonType": "selection",
	"icons": [
		{
			"icon": {
				"paths": [
					"M981.333 512c0-128-64-230.4-149.333-256h-652.8c89.6 25.6 149.333 128 149.333 256s-64 230.4-149.333 256h652.8c85.333-25.6 149.333-128 149.333-256z",
					"M230.4 512c0 82.475-42.026 149.333-93.867 149.333s-93.867-66.859-93.867-149.333c0-82.475 42.026-149.333 93.867-149.333s93.867 66.859 93.867 149.333z"
				],
				"attrs": [],
				"isMulticolor": false,
				"grid": 0,
				"tags": [
					"pipeline"
				]
			},
			"attrs": [],
			"properties": {
				"order": 48,
				"id": 43,
				"prevSize": 32,
				"code": 58900,
				"name": "pipeline"
			},
			"setIdx": 0,
			"setId": 0,
			"iconIdx": 0
		},
		{
			"icon": {
				"paths": [
					"M243.2 106.667c21.333 0 42.667 17.067 46.933 38.4l8.533 25.6h614.4c8.533 0 12.8 4.267 17.067 8.533 8.533 8.533 8.533 17.067 8.533 21.333l-166.4 418.133c-4.267 8.533-12.8 12.8-21.333 12.8h-418.133c-8.533 0-21.333-8.533-21.333-17.067l-110.933-405.333h-102.4c-8.533-17.067-12.8-34.133-12.8-51.2 0 0 0 0 0 0s0 0 0 0 0 0 0 0c0-17.067 4.267-34.133 12.8-51.2h145.067z",
					"M750.933 716.8c-55.467 0-98.133 42.667-98.133 98.133s42.667 98.133 98.133 98.133c55.467 0 98.133-42.667 98.133-98.133-0-51.2-46.933-98.133-98.133-98.133z",
					"M337.067 716.8c-55.467 0-98.133 42.667-98.133 98.133s42.667 98.133 98.133 98.133c55.467 0 98.133-42.667 98.133-98.133 4.267-51.2-42.667-98.133-98.133-98.133z"
				],
				"attrs": [],
				"isMulticolor": false,
				"grid": 0,
				"tags": [
					"shopping_cart_black_24px"
				]
			},
			"attrs": [],
			"properties": {
				"order": 4,
				"id": 42,
				"prevSize": 32,
				"code": 58922,
				"name": "shopping-cart"
			},
			"setIdx": 0,
			"setId": 0,
			"iconIdx": 1
		},
		{
			"icon": {
				"paths": [
					"M256 541.867l-128 123.733v76.8c0 46.933 170.667 85.333 384 85.333s384-38.4 384-85.333v-76.8l-128-123.733v-307.2c-34.133-51.2-85.333-89.6-145.067-106.667v-12.8c-21.333-34.133-64-51.2-110.933-51.2s-89.6 25.6-110.933 51.2v12.8c-64 17.067-115.2 59.733-145.067 106.667v307.2z",
					"M512 874.667c-29.867 0-59.733 0-85.333-4.267 0 0 0 0 0 4.267 0 46.933 38.4 85.333 85.333 85.333s85.333-38.4 85.333-85.333c0 0 0 0 0-4.267-25.6 0-55.467 4.267-85.333 4.267z"
				],
				"attrs": [],
				"isMulticolor": false,
				"grid": 0,
				"tags": [
					"alert"
				]
			},
			"attrs": [],
			"properties": {
				"order": 5,
				"id": 41,
				"prevSize": 32,
				"code": 58880,
				"name": "alert"
			},
			"setIdx": 0,
			"setId": 0,
			"iconIdx": 2
		},
		{
			"icon": {
				"paths": [
					"M170.667 512l341.333 341.333c12.8-38.4 25.6-98.133 34.133-170.667h268.8c21.333-29.867 38.4-93.867 38.4-170.667 0-72.533-17.067-136.533-38.4-170.667h-268.8c-8.533-72.533-21.333-132.267-34.133-170.667l-341.333 341.333z"
				],
				"attrs": [],
				"isMulticolor": false,
				"grid": 0,
				"tags": [
					"arrow-left"
				]
			},
			"attrs": [],
			"properties": {
				"order": 6,
				"id": 40,
				"prevSize": 32,
				"code": 58881,
				"name": "arrow-left"
			},
			"setIdx": 0,
			"setId": 0,
			"iconIdx": 3
		},
		{
			"icon": {
				"paths": [
					"M853.333 512l-341.333-341.333c-12.8 38.4-25.6 98.133-34.133 170.667h-268.8c-21.333 29.867-38.4 93.867-38.4 170.667 0 72.533 17.067 136.533 38.4 170.667h268.8c8.533 72.533 21.333 132.267 34.133 170.667l341.333-341.333z"
				],
				"attrs": [],
				"isMulticolor": false,
				"grid": 0,
				"tags": [
					"arrow-right"
				]
			},
			"attrs": [],
			"properties": {
				"order": 7,
				"id": 39,
				"prevSize": 32,
				"code": 58882,
				"name": "arrow-right"
			},
			"setIdx": 0,
			"setId": 0,
			"iconIdx": 4
		},
		{
			"icon": {
				"paths": [
					"M682.667 512c0 94.257-76.41 170.667-170.667 170.667s-170.667-76.41-170.667-170.667c0-94.257 76.41-170.667 170.667-170.667s170.667 76.41 170.667 170.667z"
				],
				"attrs": [],
				"isMulticolor": false,
				"grid": 0,
				"tags": [
					"bullet"
				]
			},
			"attrs": [],
			"properties": {
				"order": 8,
				"id": 38,
				"prevSize": 32,
				"code": 58883,
				"name": "bullet"
			},
			"setIdx": 0,
			"setId": 0,
			"iconIdx": 5
		},
		{
			"icon": {
				"paths": [
					"M196.267 413.867l119.467-119.467 196.267 196.267 196.267-196.267 119.467 119.467-315.733 315.733z"
				],
				"attrs": [],
				"isMulticolor": false,
				"grid": 0,
				"tags": [
					"chevron-down"
				]
			},
			"attrs": [],
			"properties": {
				"order": 9,
				"id": 36,
				"prevSize": 32,
				"code": 58885,
				"name": "chevron-down"
			},
			"setIdx": 0,
			"setId": 0,
			"iconIdx": 6
		},
		{
			"icon": {
				"paths": [
					"M610.133 196.267l119.467 119.467-196.267 196.267 196.267 196.267-119.467 119.467-315.733-315.733z"
				],
				"attrs": [],
				"isMulticolor": false,
				"grid": 0,
				"tags": [
					"chevron-left"
				]
			},
			"attrs": [],
			"properties": {
				"order": 10,
				"id": 35,
				"prevSize": 32,
				"code": 58886,
				"name": "chevron-left"
			},
			"setIdx": 0,
			"setId": 0,
			"iconIdx": 7
		},
		{
			"icon": {
				"paths": [
					"M413.867 827.733l-119.467-119.467 196.267-196.267-196.267-196.267 119.467-119.467 315.733 315.733z"
				],
				"attrs": [],
				"isMulticolor": false,
				"grid": 0,
				"tags": [
					"chevron-right"
				]
			},
			"attrs": [],
			"properties": {
				"order": 11,
				"id": 34,
				"prevSize": 32,
				"code": 58887,
				"name": "chevron-right"
			},
			"setIdx": 0,
			"setId": 0,
			"iconIdx": 8
		},
		{
			"icon": {
				"paths": [
					"M827.733 610.133l-119.467 119.467-196.267-196.267-196.267 196.267-119.467-119.467 315.733-315.733z"
				],
				"attrs": [],
				"isMulticolor": false,
				"grid": 0,
				"tags": [
					"chevron-up"
				]
			},
			"attrs": [],
			"properties": {
				"order": 12,
				"id": 33,
				"prevSize": 32,
				"code": 58888,
				"name": "chevron-up"
			},
			"setIdx": 0,
			"setId": 0,
			"iconIdx": 9
		},
		{
			"icon": {
				"paths": [
					"M512 81.067c-234.667 0-426.667 192-426.667 426.667s192 426.667 426.667 426.667 426.667-192 426.667-426.667-192-426.667-426.667-426.667zM661.333 716.8l-149.333-149.333-149.333 149.333-59.733-59.733 149.333-149.333-149.333-149.333 59.733-59.733 149.333 149.333 149.333-149.333 59.733 59.733-149.333 149.333 149.333 149.333-59.733 59.733z"
				],
				"attrs": [],
				"isMulticolor": false,
				"grid": 0,
				"tags": [
					"clear-cross-circle"
				]
			},
			"attrs": [],
			"properties": {
				"order": 13,
				"id": 32,
				"prevSize": 32,
				"code": 58889,
				"name": "clear-cross-circle"
			},
			"setIdx": 0,
			"setId": 0,
			"iconIdx": 10
		},
		{
			"icon": {
				"paths": [
					"M691.2 512l213.333-209.067-183.467-183.467-209.067 213.333-209.067-213.333-183.467 183.467 213.333 209.067-213.333 209.067 183.467 183.467 209.067-213.333 209.067 213.333 183.467-183.467z"
				],
				"attrs": [],
				"isMulticolor": false,
				"grid": 0,
				"tags": [
					"message-cross"
				]
			},
			"attrs": [],
			"properties": {
				"order": 14,
				"id": 44,
				"prevSize": 32,
				"code": 58923,
				"name": "message-cross"
			},
			"setIdx": 0,
			"setId": 0,
			"iconIdx": 11
		},
		{
			"icon": {
				"paths": [
					"M844.8 721.067l-213.333-209.067 213.333-209.067-123.733-123.733-209.067 213.333-209.067-213.333-123.733 123.733 213.333 209.067-213.333 209.067 123.733 123.733 209.067-213.333 209.067 213.333z"
				],
				"attrs": [],
				"isMulticolor": false,
				"grid": 0,
				"tags": [
					"clear-cross"
				]
			},
			"attrs": [],
			"properties": {
				"order": 15,
				"id": 31,
				"prevSize": 32,
				"code": 58890,
				"name": "clear-cross"
			},
			"setIdx": 0,
			"setId": 0,
			"iconIdx": 12
		},
		{
			"icon": {
				"paths": [
					"M853.333 128h-682.667c-46.933 0-85.333 38.4-85.333 85.333v384c0 46.933 38.4 85.333 85.333 85.333h128v213.333l256-213.333h298.667c46.933 0 85.333-38.4 85.333-85.333v-384c0-46.933-38.4-85.333-85.333-85.333z"
				],
				"attrs": [],
				"isMulticolor": false,
				"grid": 0,
				"tags": [
					"comment"
				]
			},
			"attrs": [],
			"properties": {
				"order": 16,
				"id": 30,
				"prevSize": 32,
				"code": 58891,
				"name": "comment"
			},
			"setIdx": 0,
			"setId": 0,
			"iconIdx": 13
		},
		{
			"icon": {
				"paths": [
					"M558.933 42.667h-490.667c-12.8 0-25.6 12.8-25.6 25.6v802.133c0 12.8 12.8 25.6 25.6 25.6h315.733v-358.4h-285.867v-110.933h285.867v-55.467h-285.867v-110.933h328.533c38.4-29.867 93.867-46.933 162.133-59.733v-132.267c0-12.8-12.8-25.6-29.867-25.6zM537.6 204.8h-439.467v-110.933h439.467v110.933z",
					"M721.067 981.333c-115.2 0-213.333-25.6-260.267-55.467v0-145.067c64 29.867 157.867 46.933 260.267 46.933s196.267-17.067 260.267-46.933v145.067c-46.933 29.867-145.067 55.467-260.267 55.467z",
					"M981.333 452.267v0 0 0c-46.933 38.4-145.067 55.467-260.267 55.467s-213.333-25.6-260.267-55.467v0-140.8c46.933-38.4 145.067-55.467 260.267-55.467s213.333 25.6 260.267 55.467v0 140.8z",
					"M721.067 746.667c-115.2 0-213.333-25.6-260.267-55.467v0-145.067c64 29.867 157.867 46.933 260.267 46.933s196.267-17.067 260.267-46.933v145.067c-46.933 29.867-145.067 55.467-260.267 55.467z"
				],
				"attrs": [],
				"isMulticolor": false,
				"grid": 0,
				"tags": [
					"instance"
				]
			},
			"attrs": [],
			"properties": {
				"order": 17,
				"id": 15,
				"prevSize": 32,
				"code": 58906,
				"name": "instance"
			},
			"setIdx": 0,
			"setId": 0,
			"iconIdx": 14
		},
		{
			"icon": {
				"paths": [
					"M512 938.667c-136.533 0-256-29.867-315.733-68.267v0-179.2c76.8 38.4 192 59.733 315.733 59.733s238.933-21.333 315.733-59.733v179.2c-59.733 38.4-179.2 68.267-315.733 68.267zM512 674.133c-136.533 0-256-29.867-315.733-68.267v0-179.2c76.8 38.4 192 59.733 315.733 59.733s238.933-21.333 315.733-59.733v179.2c-59.733 38.4-179.2 68.267-315.733 68.267zM827.733 332.8v0 0 0c-59.733 42.667-179.2 72.533-315.733 72.533s-256-29.867-315.733-68.267v0-179.2c59.733-42.667 179.2-68.267 315.733-68.267s256 29.867 315.733 68.267v0 174.933z"
				],
				"attrs": [],
				"isMulticolor": false,
				"grid": 0,
				"tags": [
					"database"
				]
			},
			"attrs": [],
			"properties": {
				"order": 18,
				"id": 29,
				"prevSize": 32,
				"code": 58892,
				"name": "database"
			},
			"setIdx": 0,
			"setId": 0,
			"iconIdx": 15
		},
		{
			"icon": {
				"paths": [
					"M640 162.133v-25.6c-25.6-17.067-72.533-25.6-128-25.6s-102.4 12.8-128 25.6v25.6c-72.533 8.533-132.267 29.867-170.667 55.467v85.333c55.467 34.133 170.667 64 298.667 64s243.2-29.867 298.667-64v-85.333c-38.4-25.6-98.133-46.933-170.667-55.467z",
					"M768 392.533c-64 29.867-153.6 46.933-256 46.933s-192-17.067-256-46.933l42.667 482.133c51.2 25.6 128 46.933 213.333 46.933s162.133-17.067 213.333-46.933v0 0l42.667-482.133z"
				],
				"attrs": [],
				"isMulticolor": false,
				"grid": 0,
				"tags": [
					"delete"
				]
			},
			"attrs": [],
			"properties": {
				"order": 19,
				"id": 28,
				"prevSize": 32,
				"code": 58893,
				"name": "delete"
			},
			"setIdx": 0,
			"setId": 0,
			"iconIdx": 16
		},
		{
			"icon": {
				"paths": [
					"M571.733 85.333h-358.4v853.333h597.333v-614.4l-238.933-238.933zM597.333 230.4l68.267 68.267h-68.267v-68.267zM298.667 853.333v-682.667h213.333v213.333h213.333v469.333h-426.667z"
				],
				"attrs": [],
				"isMulticolor": false,
				"grid": 0,
				"tags": [
					"document"
				]
			},
			"attrs": [],
			"properties": {
				"order": 20,
				"id": 27,
				"prevSize": 32,
				"code": 58894,
				"name": "document"
			},
			"setIdx": 0,
			"setId": 0,
			"iconIdx": 17
		},
		{
			"icon": {
				"paths": [
					"M256 806.4v85.333h512v-85.333h-512z",
					"M512 721.067l341.333-341.333c-38.4-12.8-98.133-25.6-170.667-34.133v-183.467c-34.133-21.333-98.133-38.4-170.667-38.4s-136.533 17.067-170.667 38.4v183.467c-72.533 8.533-132.267 21.333-170.667 34.133l341.333 341.333z"
				],
				"attrs": [],
				"isMulticolor": false,
				"grid": 0,
				"tags": [
					"download"
				]
			},
			"attrs": [],
			"properties": {
				"order": 21,
				"id": 26,
				"prevSize": 32,
				"code": 58895,
				"name": "download"
			},
			"setIdx": 0,
			"setId": 0,
			"iconIdx": 18
		},
		{
			"icon": {
				"paths": [
					"M358.4 661.333c-42.667-42.667-98.133-59.733-140.8-46.933l-89.6 281.6 281.6-93.867c12.8-42.667-4.267-93.867-51.2-140.8z",
					"M844.8 179.2c-42.667-42.667-102.4-59.733-140.8-46.933l-418.133 422.4c42.667-12.8 98.133 4.267 140.8 46.933s59.733 98.133 46.933 140.8v0l422.4-422.4c8.533-38.4-8.533-93.867-51.2-140.8z"
				],
				"attrs": [],
				"isMulticolor": false,
				"grid": 0,
				"tags": [
					"edit"
				]
			},
			"attrs": [],
			"properties": {
				"order": 22,
				"id": 25,
				"prevSize": 32,
				"code": 58896,
				"name": "edit"
			},
			"setIdx": 0,
			"setId": 0,
			"iconIdx": 19
		},
		{
			"icon": {
				"paths": [
					"M307.2 686.933c140.8 170.667 294.4 281.6 460.8 247.467l128-102.4c0-64-145.067-200.533-192-187.733l-81.067 64c-76.8-8.533-128-59.733-183.467-128-59.733-68.267-98.133-128-89.6-204.8l81.067-64c25.6-42.667-85.333-209.067-145.067-221.867l-128 102.4c-68.267 149.333 8.533 320 149.333 494.933z"
				],
				"attrs": [],
				"isMulticolor": false,
				"grid": 0,
				"tags": [
					"phone"
				]
			},
			"attrs": [],
			"properties": {
				"order": 23,
				"id": 12,
				"prevSize": 32,
				"code": 58909,
				"name": "phone"
			},
			"setIdx": 0,
			"setId": 0,
			"iconIdx": 20
		},
		{
			"icon": {
				"paths": [
					"M512 541.867c55.467-21.333 273.067-123.733 422.4-349.867-4.267-17.067-21.333-29.867-38.4-29.867h-768c-17.067 0-34.133 12.8-38.4 29.867 149.333 230.4 366.933 328.533 422.4 349.867z",
					"M524.8 635.733l-12.8 4.267-12.8-4.267c-12.8-4.267-230.4-81.067-413.867-294.4v465.067c0 21.333 21.333 42.667 42.667 42.667h768c21.333 0 42.667-21.333 42.667-42.667v-465.067c-183.467 213.333-401.067 290.133-413.867 294.4z"
				],
				"attrs": [],
				"isMulticolor": false,
				"grid": 0,
				"tags": [
					"email"
				]
			},
			"attrs": [],
			"properties": {
				"order": 24,
				"id": 24,
				"prevSize": 32,
				"code": 58897,
				"name": "email"
			},
			"setIdx": 0,
			"setId": 0,
			"iconIdx": 21
		},
		{
			"icon": {
				"paths": [
					"M721.067 567.467v243.2h-512v-512h243.2l85.333-85.333h-413.867v682.667h682.667v-413.867z",
					"M891.733 128h-298.667c12.8 21.333 29.867 55.467 59.733 89.6l-162.133 162.133c4.267 21.333 25.6 59.733 59.733 89.6 29.867 29.867 68.267 51.2 89.6 59.733l162.133-162.133c34.133 29.867 68.267 46.933 89.6 59.733v-298.667z"
				],
				"attrs": [],
				"isMulticolor": false,
				"grid": 0,
				"tags": [
					"external-link"
				]
			},
			"attrs": [],
			"properties": {
				"order": 25,
				"id": 23,
				"prevSize": 32,
				"code": 58898,
				"name": "external-link"
			},
			"setIdx": 0,
			"setId": 0,
			"iconIdx": 22
		},
		{
			"icon": {
				"paths": [
					"M512 85.333c-157.867 0-302.933 34.133-384 89.6l298.667 426.667v256l170.667 85.333v-341.333l298.667-426.667c-81.067-55.467-226.133-89.6-384-89.6z"
				],
				"attrs": [],
				"isMulticolor": false,
				"grid": 0,
				"tags": [
					"filter"
				]
			},
			"attrs": [],
			"properties": {
				"order": 26,
				"id": 22,
				"prevSize": 32,
				"code": 58899,
				"name": "filter"
			},
			"setIdx": 0,
			"setId": 0,
			"iconIdx": 23
		},
		{
			"icon": {
				"paths": [
					"M938.667 256h-405.333l-85.333-85.333h-277.333c-21.333 0-42.667 21.333-42.667 42.667v302.933h-51.2c-21.333 0-34.133 25.6-29.867 46.933l72.533 243.2c4.267 12.8 12.8 25.6 21.333 34.133s17.067 12.8 29.867 12.8h768c21.333 0 42.667-21.333 42.667-42.667v-512c0-21.333-21.333-42.667-42.667-42.667zM213.333 384c0-21.333 17.067-42.667 42.667-42.667h597.333c25.6 0 42.667 21.333 42.667 42.667v354.133l-46.933-174.933c-8.533-25.6-42.667-46.933-64-46.933h-571.733v-132.267z"
				],
				"attrs": [],
				"isMulticolor": false,
				"grid": 0,
				"tags": [
					"folder-open"
				]
			},
			"attrs": [],
			"properties": {
				"order": 27,
				"id": 45,
				"prevSize": 32,
				"code": 58924,
				"name": "folder-open"
			},
			"setIdx": 0,
			"setId": 0,
			"iconIdx": 24
		},
		{
			"icon": {
				"paths": [
					"M896 853.333h-768c-21.333 0-42.667-21.333-42.667-42.667v-597.333c0-21.333 21.333-42.667 42.667-42.667h277.333l85.333 85.333h405.333c21.333 0 42.667 21.333 42.667 42.667v512c0 21.333-21.333 42.667-42.667 42.667z"
				],
				"attrs": [],
				"isMulticolor": false,
				"grid": 0,
				"tags": [
					"folder"
				]
			},
			"attrs": [],
			"properties": {
				"order": 28,
				"id": 20,
				"prevSize": 32,
				"code": 58901,
				"name": "folder"
			},
			"setIdx": 0,
			"setId": 0,
			"iconIdx": 25
		},
		{
			"icon": {
				"paths": [
					"M512 85.333c-234.667 0-426.667 192-426.667 426.667s192 426.667 426.667 426.667 426.667-192 426.667-426.667-192-426.667-426.667-426.667zM256 256c68.267-68.267 157.867-106.667 256-106.667s187.733 38.4 256 106.667h-187.733l-98.133 98.133c-21.333 21.333-42.667 29.867-68.267 29.867-17.067 0-34.133-4.267-51.2-17.067l-110.933 110.933c-21.333 21.333-51.2 34.133-76.8 34.133-8.533 0-12.8 0-21.333-4.267 0-89.6 34.133-179.2 102.4-251.733zM512 870.4c-98.133 0-187.733-38.4-256-106.667-21.333-21.333-38.4-46.933-55.467-72.533 4.267-8.533 12.8-17.067 21.333-25.6 29.867-29.867 68.267-42.667 106.667-42.667s76.8 12.8 106.667 42.667l187.733 187.733c-34.133 12.8-72.533 17.067-110.933 17.067zM836.267 669.867h-162.133c-42.667 0-81.067-34.133-81.067-81.067 0-42.667 34.133-81.067 81.067-81.067h25.6c8.533-38.4 38.4-64 76.8-64h89.6c12.8 76.8 4.267 153.6-29.867 226.133z"
				],
				"attrs": [],
				"isMulticolor": false,
				"grid": 0,
				"tags": [
					"globe"
				]
			},
			"attrs": [],
			"properties": {
				"order": 29,
				"id": 19,
				"prevSize": 32,
				"code": 58902,
				"name": "globe"
			},
			"setIdx": 0,
			"setId": 0,
			"iconIdx": 26
		},
		{
			"icon": {
				"paths": [
					"M768 170.667v-64c-12.8-12.8-38.4-21.333-64-21.333s-51.2 8.533-64 21.333v64h-256v-64c-12.8-12.8-38.4-21.333-64-21.333s-51.2 8.533-64 21.333v64h-128v682.667c0 46.933 38.4 85.333 85.333 85.333h597.333c46.933 0 85.333-38.4 85.333-85.333v-682.667h-128zM810.667 853.333h-597.333v-469.333h597.333v469.333z",
					"M554.667 469.333h170.667v170.667h-170.667v-170.667z"
				],
				"attrs": [],
				"isMulticolor": false,
				"grid": 0,
				"tags": [
					"calendar"
				]
			},
			"attrs": [],
			"properties": {
				"order": 30,
				"id": 37,
				"prevSize": 32,
				"code": 58884,
				"name": "calendar"
			},
			"setIdx": 0,
			"setId": 0,
			"iconIdx": 27
		},
		{
			"icon": {
				"paths": [
					"M554.667 128c-200.533 0-362.667 149.333-384 345.6-51.2 4.267-98.133 21.333-128 38.4v0l170.667 170.667 170.667-170.667c-29.867-21.333-72.533-34.133-123.733-38.4 17.067-149.333 140.8-260.267 294.4-260.267 166.4 0 298.667 132.267 298.667 298.667s-132.267 298.667-298.667 298.667c-81.067 0-157.867-34.133-209.067-89.6l-59.733 59.733c68.267 72.533 162.133 115.2 268.8 115.2 213.333 0 384-170.667 384-384s-170.667-384-384-384z",
					"M512 298.667v256l183.467 106.667 29.867-51.2-149.333-89.6v-221.867z"
				],
				"attrs": [],
				"isMulticolor": false,
				"grid": 0,
				"tags": [
					"history"
				]
			},
			"attrs": [],
			"properties": {
				"order": 31,
				"id": 17,
				"prevSize": 32,
				"code": 58904,
				"name": "history"
			},
			"setIdx": 0,
			"setId": 0,
			"iconIdx": 28
		},
		{
			"icon": {
				"paths": [
					"M401.067 810.667l477.867-477.867-115.2-119.467-362.667 362.667-132.267-136.533c-25.6 8.533-55.467 25.6-76.8 46.933s-38.4 46.933-46.933 76.8l256 247.467z"
				],
				"attrs": [],
				"isMulticolor": false,
				"grid": 0,
				"tags": [
					"tick"
				]
			},
			"attrs": [],
			"properties": {
				"order": 32,
				"id": 4,
				"prevSize": 32,
				"code": 58917,
				"name": "tick"
			},
			"setIdx": 0,
			"setId": 0,
			"iconIdx": 29
		},
		{
			"icon": {
				"paths": [
					"M789.333 128l-401.067 405.333-153.6-157.867-25.6 8.533c-34.133 8.533-72.533 34.133-98.133 55.467-25.6 29.867-51.2 59.733-59.733 98.133l-4.267 25.6 341.333 337.067 584.533-588.8-183.467-183.467z"
				],
				"attrs": [],
				"isMulticolor": false,
				"grid": 0,
				"tags": [
					"message-tick"
				]
			},
			"attrs": [],
			"properties": {
				"order": 33,
				"id": 14,
				"prevSize": 32,
				"code": 58907,
				"name": "message-tick"
			},
			"setIdx": 0,
			"setId": 0,
			"iconIdx": 30
		},
		{
			"icon": {
				"paths": [
					"M128 426.667h768v170.667h-768v-170.667z"
				],
				"attrs": [],
				"isMulticolor": false,
				"grid": 0,
				"tags": [
					"minus"
				]
			},
			"attrs": [],
			"properties": {
				"order": 34,
				"id": 13,
				"prevSize": 32,
				"code": 58908,
				"name": "minus"
			},
			"setIdx": 0,
			"setId": 0,
			"iconIdx": 31
		},
		{
			"icon": {
				"paths": [
					"M597.333 896v-298.667h298.667v-170.667h-298.667v-298.667h-170.667v298.667h-298.667v170.667h298.667v298.667z"
				],
				"attrs": [],
				"isMulticolor": false,
				"grid": 0,
				"tags": [
					"plus"
				]
			},
			"attrs": [],
			"properties": {
				"order": 35,
				"id": 9,
				"prevSize": 32,
				"code": 58912,
				"name": "plus"
			},
			"setIdx": 0,
			"setId": 0,
			"iconIdx": 32
		},
		{
			"icon": {
				"paths": [
					"M512 81.067c-234.667 0-426.667 192-426.667 426.667s192 426.667 426.667 426.667 426.667-192 426.667-426.667-192-426.667-426.667-426.667zM768 550.4h-213.333v213.333h-85.333v-213.333h-213.333v-85.333h213.333v-213.333h85.333v213.333h213.333v85.333z"
				],
				"attrs": [],
				"isMulticolor": false,
				"grid": 0,
				"tags": [
					"plus-circle"
				]
			},
			"attrs": [],
			"properties": {
				"order": 36,
				"id": 10,
				"prevSize": 32,
				"code": 58911,
				"name": "plus-circle"
			},
			"setIdx": 0,
			"setId": 0,
			"iconIdx": 33
		},
		{
			"icon": {
				"paths": [
					"M260.267 469.333c21.333-119.467 123.733-213.333 251.733-213.333 76.8 0 145.067 34.133 192 89.6-64 76.8-64 123.733-64 123.733h251.733v-256c0 0-38.4 0-98.133 42.667-68.267-76.8-170.667-128-285.867-128-196.267 0-358.4 149.333-379.733 341.333h132.267z",
					"M763.733 554.667c-21.333 119.467-123.733 213.333-251.733 213.333-76.8 0-145.067-34.133-192-89.6 64-72.533 64-123.733 64-123.733h-256v256c0 0 38.4 0 98.133-42.667 68.267 76.8 170.667 128 285.867 128 196.267 0 358.4-149.333 379.733-341.333h-128z"
				],
				"attrs": [],
				"isMulticolor": false,
				"grid": 0,
				"tags": [
					"refresh"
				]
			},
			"attrs": [],
			"properties": {
				"order": 37,
				"id": 8,
				"prevSize": 32,
				"code": 58913,
				"name": "refresh"
			},
			"setIdx": 0,
			"setId": 0,
			"iconIdx": 34
		},
		{
			"icon": {
				"paths": [
					"M469.333 256h128v170.667h-128v-170.667z",
					"M704 128h-512c-34.133 0-64 29.867-64 64v640c0 34.133 29.867 64 64 64h640c34.133 0 64-29.867 64-64v-512l-192-192zM682.667 469.333h-426.667v-256h426.667v256z"
				],
				"attrs": [],
				"isMulticolor": false,
				"grid": 0,
				"tags": [
					"save"
				]
			},
			"attrs": [],
			"properties": {
				"order": 38,
				"id": 7,
				"prevSize": 32,
				"code": 58914,
				"name": "save"
			},
			"setIdx": 0,
			"setId": 0,
			"iconIdx": 35
		},
		{
			"icon": {
				"paths": [
					"M652.8 533.333c55.467-106.667 38.4-234.667-51.2-324.267-51.2-55.467-123.733-81.067-196.267-81.067-68.267 0-140.8 25.6-196.267 81.067-106.667 106.667-106.667 285.867 0 392.533 55.467 55.467 128 81.067 196.267 81.067 42.667 0 85.333-8.533 128-29.867l243.2 243.2c21.333-4.267 46.933-21.333 72.533-46.933s42.667-55.467 46.933-72.533l-243.2-243.2zM268.8 541.867c-34.133-34.133-55.467-85.333-55.467-136.533s21.333-98.133 55.467-136.533c38.4-34.133 85.333-55.467 136.533-55.467s98.133 21.333 136.533 55.467c38.4 38.4 55.467 85.333 55.467 136.533s-21.333 98.133-55.467 136.533c-38.4 38.4-85.333 55.467-136.533 55.467s-98.133-17.067-136.533-55.467z"
				],
				"attrs": [],
				"isMulticolor": false,
				"grid": 0,
				"tags": [
					"search"
				]
			},
			"attrs": [],
			"properties": {
				"order": 39,
				"id": 6,
				"prevSize": 32,
				"code": 58915,
				"name": "search"
			},
			"setIdx": 0,
			"setId": 0,
			"iconIdx": 36
		},
		{
			"icon": {
				"paths": [
					"M934.4 576c4.267-21.333 4.267-42.667 4.267-64s0-42.667-4.267-64l-93.867-34.133c-8.533-21.333-17.067-46.933-25.6-68.267l42.667-89.6c-25.6-34.133-55.467-64-89.6-89.6l-89.6 42.667c-21.333-12.8-42.667-21.333-68.267-25.6l-34.133-93.867c-21.333-4.267-42.667-4.267-64-4.267s-42.667 0-64 4.267l-34.133 93.867c-21.333 8.533-46.933 17.067-68.267 25.6l-89.6-42.667c-34.133 25.6-64 55.467-89.6 89.6l42.667 89.6c-12.8 21.333-21.333 42.667-25.6 68.267l-93.867 34.133c-4.267 21.333-4.267 42.667-4.267 64s0 42.667 4.267 64l93.867 34.133c8.533 21.333 17.067 46.933 25.6 68.267l-42.667 89.6c25.6 34.133 55.467 64 89.6 89.6l89.6-42.667c21.333 12.8 42.667 21.333 68.267 25.6l34.133 93.867c21.333 4.267 42.667 4.267 64 4.267s42.667 0 64-4.267l34.133-93.867c21.333-8.533 46.933-17.067 68.267-25.6l89.6 42.667c34.133-25.6 64-55.467 89.6-89.6l-42.667-89.6c12.8-21.333 21.333-42.667 25.6-68.267l93.867-34.133zM516.267 640c-72.533 0-128-55.467-128-128s55.467-128 128-128 128 55.467 128 128-59.733 128-128 128z"
				],
				"attrs": [],
				"isMulticolor": false,
				"grid": 0,
				"tags": [
					"settings"
				]
			},
			"attrs": [],
			"properties": {
				"order": 40,
				"id": 5,
				"prevSize": 32,
				"code": 58916,
				"name": "settings"
			},
			"setIdx": 0,
			"setId": 0,
			"iconIdx": 37
		},
		{
			"icon": {
				"paths": [
					"M725.333 341.333c0 117.821-95.513 213.333-213.333 213.333s-213.333-95.513-213.333-213.333c0-117.821 95.513-213.333 213.333-213.333s213.333 95.513 213.333 213.333z",
					"M896 896v-166.4c-93.867-81.067-230.4-132.267-388.267-132.267-153.6 0-285.867 51.2-379.733 128v170.667h768z"
				],
				"attrs": [],
				"isMulticolor": false,
				"grid": 0,
				"tags": [
					"user"
				]
			},
			"attrs": [],
			"properties": {
				"order": 41,
				"id": 3,
				"prevSize": 32,
				"code": 58918,
				"name": "user"
			},
			"setIdx": 0,
			"setId": 0,
			"iconIdx": 38
		},
		{
			"icon": {
				"paths": [
					"M938.667 896v-110.933c-72.533-64-179.2-102.4-298.667-102.4s-221.867 38.4-298.667 98.133v115.2h597.333z",
					"M810.667 469.333c0 94.257-76.41 170.667-170.667 170.667s-170.667-76.41-170.667-170.667c0-94.257 76.41-170.667 170.667-170.667s170.667 76.41 170.667 170.667z",
					"M311.467 746.667c64-46.933 136.533-81.067 213.333-98.133-34.133-21.333-64-55.467-81.067-93.867-21.333-4.267-38.4-4.267-59.733-4.267-119.467 0-221.867 38.4-298.667 98.133v115.2h200.533l25.6-17.067z",
					"M426.667 469.333c0-81.067 46.933-153.6 115.2-187.733-25.6-64-85.333-110.933-157.867-110.933-93.867 0-170.667 76.8-170.667 170.667s76.8 170.667 170.667 170.667c17.067 0 29.867-4.267 46.933-8.533-4.267-8.533-4.267-21.333-4.267-34.133z"
				],
				"attrs": [],
				"isMulticolor": false,
				"grid": 0,
				"tags": [
					"users"
				]
			},
			"attrs": [],
			"properties": {
				"order": 42,
				"id": 2,
				"prevSize": 32,
				"code": 58919,
				"name": "users"
			},
			"setIdx": 0,
			"setId": 0,
			"iconIdx": 39
		},
		{
			"icon": {
				"paths": [
					"M512 85.333c-234.667 0-426.667 192-426.667 426.667s192 426.667 426.667 426.667 426.667-192 426.667-426.667-187.733-426.667-426.667-426.667zM384 708.267v-392.533l341.333 196.267-341.333 196.267z"
				],
				"attrs": [],
				"isMulticolor": false,
				"grid": 0,
				"tags": [
					"play-circle"
				]
			},
			"attrs": [],
			"properties": {
				"order": 43,
				"id": 11,
				"prevSize": 32,
				"code": 58910,
				"name": "play-circle"
			},
			"setIdx": 0,
			"setId": 0,
			"iconIdx": 40
		},
		{
			"icon": {
				"paths": [
					"M853.333 217.6h-682.667c-46.933 0-85.333 38.4-85.333 85.333v426.667c0 46.933 38.4 85.333 85.333 85.333h682.667c46.933 0 85.333-38.4 85.333-85.333v-426.667c0-46.933-38.4-85.333-85.333-85.333zM384 708.267v-392.533l341.333 196.267-341.333 196.267z"
				],
				"attrs": [],
				"isMulticolor": false,
				"grid": 0,
				"tags": [
					"video"
				]
			},
			"attrs": [],
			"properties": {
				"order": 44,
				"id": 1,
				"prevSize": 32,
				"code": 58920,
				"name": "video"
			},
			"setIdx": 0,
			"setId": 0,
			"iconIdx": 41
		},
		{
			"icon": {
				"paths": [
					"M512 85.333c-234.667 0-426.667 192-426.667 426.667s192 426.667 426.667 426.667 426.667-192 426.667-426.667-187.733-426.667-426.667-426.667zM512 810.667c-34.133 0-64-29.867-64-64s29.867-64 64-64 64 29.867 64 64c0 29.867-29.867 64-64 64zM644.267 477.867l-38.4 38.4c-29.867 29.867-51.2 55.467-51.2 119.467h-85.333v-21.333c0-46.933 17.067-89.6 51.2-119.467l51.2-55.467c17.067-17.067 25.6-38.4 25.6-59.733 0-46.933-38.4-85.333-85.333-85.333s-85.333 38.4-85.333 85.333h-85.333c0-93.867 76.8-170.667 170.667-170.667s170.667 76.8 170.667 170.667c0 38.4-17.067 72.533-38.4 98.133z"
				],
				"attrs": [],
				"isMulticolor": false,
				"grid": 0,
				"tags": [
					"help-circle"
				]
			},
			"attrs": [],
			"properties": {
				"order": 45,
				"id": 18,
				"prevSize": 32,
				"code": 58903,
				"name": "help-circle"
			},
			"setIdx": 0,
			"setId": 0,
			"iconIdx": 42
		},
		{
			"icon": {
				"paths": [
					"M512 85.333c-234.667 0-426.667 192-426.667 426.667s192 426.667 426.667 426.667 426.667-192 426.667-426.667-187.733-426.667-426.667-426.667zM554.667 725.333h-85.333v-285.867c12.8-8.533 25.6-12.8 42.667-12.8s29.867 4.267 42.667 12.8v285.867zM512 384c-34.133 0-64-29.867-64-64s29.867-64 64-64 64 29.867 64 64c0 34.133-29.867 64-64 64z"
				],
				"attrs": [],
				"isMulticolor": false,
				"grid": 0,
				"tags": [
					"info-circle"
				]
			},
			"attrs": [],
			"properties": {
				"order": 46,
				"id": 16,
				"prevSize": 32,
				"code": 58905,
				"name": "info-circle"
			},
			"setIdx": 0,
			"setId": 0,
			"iconIdx": 43
		},
		{
			"icon": {
				"paths": [
					"M964.267 755.2l-379.733-657.067c-17.067-25.6-42.667-42.667-72.533-42.667s-59.733 17.067-72.533 42.667l-384 665.6c-17.067 25.6-17.067 59.733 0 85.333s42.667 42.667 72.533 42.667h768c46.933 0 85.333-38.4 85.333-85.333 0-17.067-4.267-34.133-17.067-51.2zM469.333 311.467c12.8-8.533 25.6-12.8 42.667-12.8s29.867 4.267 42.667 12.8v285.867h-85.333v-285.867zM512 768c-34.133 0-64-29.867-64-64s29.867-64 64-64 64 29.867 64 64-29.867 64-64 64z"
				],
				"attrs": [],
				"isMulticolor": false,
				"grid": 0,
				"tags": [
					"warning-triangle"
				]
			},
			"attrs": [],
			"properties": {
				"order": 47,
				"id": 0,
				"prevSize": 32,
				"code": 58921,
				"name": "warning-triangle"
			},
			"setIdx": 0,
			"setId": 0,
			"iconIdx": 44
		}
	],
	"height": 1024,
	"metadata": {
		"name": "Redgate-icon-font"
	},
	"preferences": {
		"showGlyphs": true,
		"showQuickUse": true,
		"showQuickUse2": true,
		"showSVGs": true,
		"fontPref": {
			"prefix": "icon-",
			"metadata": {
				"fontFamily": "Redgate-icon-font",
				"majorVersion": 1,
				"minorVersion": 0
			},
			"metrics": {
				"emSize": 1024,
				"baseline": 6.25,
				"whitespace": 50
			},
			"embed": false,
			"ie7": true,
			"cssVars": true,
			"includeMetadata": true
		},
		"imagePref": {
			"prefix": "icon-24_",
			"png": true,
			"useClassSelector": true,
			"color": 0,
			"bgColor": 16777215,
			"classSelector": ".icon-24",
			"columns": 16,
			"margin": 16,
			"height": 24,
			"overrideSize": true,
			"postfix": ""
		},
		"historySize": 100,
		"gridSize": 16
	}
}